name,email,major,grad_year,degree_type
Daniel Stark,jeffrey77@example.org,incentivize synergistic metrics,2027,BA
Richard Adams,jharris@example.net,embrace robust systems,2031,PhD
Marc Shannon,singhryan@example.net,matrix scalable vortals,2031,PhD
Mrs. Rebecca Travis,victoriajacobs@example.net,transition dynamic interfaces,2029,BS
Christopher Morris,timothyclayton@example.com,e-enable dynamic solutions,2027,PhD
Matthew Campbell,oharris@example.org,deliver back-end paradigms,2026,PhD
Paul Morris,sparksamanda@example.org,enable scalable applications,2029,MS
Michelle Hayes,bthompson@example.com,iterate end-to-end deliverables,2030,BS
Amber Webb,schneiderjulie@example.org,aggregate cross-platform e-business,2028,MS
Mark Harmon,kathycallahan@example.net,productize end-to-end e-markets,2026,MS
Seth Williams,stephaniemiller@example.org,iterate leading-edge bandwidth,2030,BA
Roy Obrien,zachary37@example.com,transition open-source infrastructures,2027,PhD
Melanie Montgomery,megangibson@example.com,scale cross-media models,2027,MS
Cody Anderson,harrisonchristine@example.org,disintermediate collaborative models,2028,MS
Mary Davis,iwright@example.com,disintermediate virtual systems,2026,BA
Jo Robertson,gscott@example.com,grow compelling portals,2031,PhD
Patrick Lopez,serranozachary@example.com,re-contextualize magnetic vortals,2025,PhD
Joseph Hull,qlarsen@example.com,visualize out-of-the-box methodologies,2031,PhD
Sandra Burke,richardbutler@example.org,maximize distributed deliverables,2030,BS
Elijah Allen,youngmiranda@example.net,transform distributed ROI,2029,PhD
Jill Carey,adillon@example.com,synthesize cutting-edge architectures,2029,BS
Rhonda Bradley,wellseric@example.com,transform user-centric supply-chains,2028,BA
Joshua Williams,james95@example.net,maximize transparent vortals,2030,BS
Kayla Santos,penningtonkurt@example.com,re-intermediate compelling schemas,2027,BA
William Jones,cthompson@example.org,empower one-to-one e-commerce,2031,MS
Micheal Bond,henrymatthew@example.org,streamline granular applications,2030,BS
Denise Martinez,donnaacosta@example.com,redefine extensible interfaces,2026,MS
Cole King,john66@example.com,incentivize efficient bandwidth,2027,BS
Annette Evans,catherineleach@example.com,mesh cross-platform web services,2029,PhD
Michael Pitts,gerald33@example.com,target cross-media e-business,2029,BA
Jordan Garcia,irice@example.net,engineer clicks-and-mortar partnerships,2027,BS
Nicholas Smith,smithmichael@example.com,whiteboard rich channels,2029,BA
Emily Henry,fyoung@example.com,enhance dynamic experiences,2025,MS
William Smith,crossmatthew@example.net,unleash back-end markets,2029,BS
Justin Chandler,dmorse@example.com,whiteboard next-generation paradigms,2027,MS
Anthony Jackson,audreymendez@example.net,benchmark sticky networks,2025,MS
Deanna King,thaynes@example.org,implement revolutionary models,2028,MS
Tammy Long,josephfletcher@example.org,transform B2B networks,2028,MS
Kayla Shields,bbaker@example.com,facilitate ubiquitous communities,2026,PhD
Wanda Payne,hthomas@example.com,embrace distributed web services,2031,BS
Anthony Tyler,jamesmoran@example.org,engage e-business schemas,2025,PhD
Joshua Rogers,christinewhite@example.com,morph next-generation e-commerce,2027,BS
Anthony Stewart,vasquezkelly@example.net,grow front-end e-commerce,2026,MS
Carolyn Johnson,johnsonryan@example.com,utilize user-centric e-services,2026,BS
April Green,donna70@example.net,mesh granular deliverables,2030,PhD
Cynthia Lewis,catherine93@example.net,deliver front-end initiatives,2026,BS
Veronica Farmer,morrisstephanie@example.org,incubate enterprise schemas,2026,MS
Alexis Martinez,matthew35@example.net,synthesize leading-edge e-services,2027,MS
Maria Haas,michael93@example.net,incubate end-to-end content,2029,BS
Steven Jones,donald70@example.org,implement back-end solutions,2029,BA
Robert Johnson,aharvey@example.net,iterate intuitive relationships,2025,PhD
Christina Mack,williamsalexis@example.com,transform intuitive synergies,2025,PhD
Sean Lopez,vmeyer@example.org,transform intuitive users,2030,BS
Phillip Orozco,vwright@example.org,integrate interactive platforms,2025,PhD
Jennifer Meza,nwilliams@example.net,generate robust architectures,2027,MS
William Adams,jonathanhanson@example.net,harness world-class solutions,2031,PhD
Kelly Taylor,shortanthony@example.org,productize innovative schemas,2029,PhD
Wayne Vaughn,ginahenson@example.com,generate open-source metrics,2031,BS
Marvin Chambers,shelia81@example.com,embrace seamless users,2026,BA
Lucas Roberts,normandavid@example.com,deliver out-of-the-box interfaces,2031,BA
Frank Mitchell,lisa82@example.org,syndicate mission-critical niches,2026,BA
Spencer Pace,csingleton@example.org,utilize virtual methodologies,2026,MS
Teresa Gill MD,lcastaneda@example.com,empower bleeding-edge technologies,2028,BS
Amy Lee,torresalexander@example.net,re-contextualize one-to-one solutions,2027,BA
Sheila Roth,billy65@example.net,enhance real-time content,2026,MS
Donald Arroyo,morrisdamon@example.org,generate interactive platforms,2027,BS
Katrina Morton,gonzalezdonna@example.com,synergize user-centric initiatives,2029,BS
Christopher Olson,benjamin44@example.org,deploy front-end supply-chains,2031,PhD
Larry Villegas,carterrobert@example.net,monetize magnetic platforms,2026,MS
Cory Keller,nancyanderson@example.com,envisioneer bleeding-edge metrics,2026,BS
Tammy Mccarty,hcruz@example.net,productize extensible methodologies,2031,BS
Jasmine Lamb,jack30@example.com,whiteboard virtual eyeballs,2030,BA
Chad Parker,zlindsey@example.net,productize robust methodologies,2027,PhD
Ashley Burton,lisamontoya@example.org,iterate vertical initiatives,2027,PhD
Matthew Morgan,kirsten89@example.com,revolutionize B2C users,2025,BA
Stephanie Warren,egreen@example.net,deploy cross-platform web services,2029,MS
Kelly Crawford,dgoodwin@example.com,mesh back-end interfaces,2031,PhD
Tara Spencer,ortizdavid@example.com,unleash visionary solutions,2028,MS
Chris Jones,tmatthews@example.com,generate synergistic web services,2027,PhD
Jason Johnson,bennettjulie@example.com,enable magnetic paradigms,2030,BS
Debbie Hanna,nelsonjoe@example.net,syndicate sticky vortals,2029,BS
Ruben Walker,ashleycowan@example.com,maximize value-added e-business,2026,BS
Jeffrey Mcgee,michaelpowell@example.net,syndicate efficient interfaces,2026,BA
Vanessa White,rachel51@example.org,morph back-end e-tailers,2028,MS
Terry Luna,lopezmichael@example.com,engage frictionless interfaces,2031,PhD
Amanda Garcia,gloria09@example.com,productize rich models,2028,PhD
Terry Rivera,amanda05@example.net,grow ubiquitous channels,2027,MS
Katherine Vasquez,bradley81@example.net,redefine open-source vortals,2031,BS
Sonya Davis,stephaniebenson@example.com,e-enable leading-edge e-services,2027,BS
Lindsay Wilson,suzanne24@example.org,seize 24/365 portals,2025,BS
Lauren Barton,mthompson@example.com,visualize B2C deliverables,2031,MS
Katie Conley,karen82@example.org,enable next-generation supply-chains,2026,BS
Cameron Peterson,sanchezbenjamin@example.org,revolutionize enterprise models,2028,PhD
Paul Turner,butlershannon@example.net,synthesize out-of-the-box ROI,2027,BA
Joseph Eaton,pwilliams@example.net,harness robust mindshare,2029,BA
Justin Cruz,drewbell@example.net,unleash visionary info-mediaries,2027,BS
Tony Lee,dwang@example.net,mesh holistic interfaces,2027,BA
Laura Snyder,kellyjoshua@example.com,productize dynamic experiences,2025,BA
Steven Smith,kpetersen@example.net,incubate e-business initiatives,2026,BS
Pamela Miller DDS,gphillips@example.net,implement cross-platform action-items,2025,BA
